branch	sha
chore/phase7c-runtime-gitignore	c10d097a1ede45ffeed3f3bc65d9b59ded893b7c
chore/repo-consolidation-20260902	0758736a5a1ab35d639a6342c3c75cdfad9326ef
chore/repo-consolidation-20260902-execution	0758736a5a1ab35d639a6342c3c75cdfad9326ef
chore/repo-consolidation-execution-20260902	0758736a5a1ab35d639a6342c3c75cdfad9326ef
chore/repo-consolidation-final-20260902	0758736a5a1ab35d639a6342c3c75cdfad9326ef
chore/repo-consolidation-final-20260902-v2	0758736a5a1ab35d639a6342c3c75cdfad9326ef
chore/repo-consolidation-final-20260902-v3	0758736a5a1ab35d639a6342c3c75cdfad9326ef
chore/repo-consolidation-final-20260902-v4	0758736a5a1ab35d639a6342c3c75cdfad9326ef
chore/repo-consolidation-final-20260902-v5	0758736a5a1ab35d639a6342c3c75cdfad9326ef
chore/repo-consolidation-final-20260902-v6	0758736a5a1ab35d639a6342c3c75cdfad9326ef
chore/repo-consolidation-final-20260902-v7	0758736a5a1ab35d639a6342c3c75cdfad9326ef
chore/repo-consolidation-final-20260902-v8	0758736a5a1ab35d639a6342c3c75cdfad9326ef
chore/repo-consolidation-final-20260902-v9	b3129868244369f6486052a88b83579c6096ea55
chore/repo-consolidation-plan-20260902	0758736a5a1ab35d639a6342c3c75cdfad9326ef
codex/phase7c-adjustable-lot	dcd8d06780a9c570909d905c4407b09f9ebd3aeb
codex/phase7c-canonical-deal-ledger-accounting	736da8b5d6cd5f7ee5ba8a7e3fcb54611b093937
codex/phase7c-canonical-ledger-startup-backfill-e2e	7a400e5b6ae9853ddad9398646f1bdee8c240c28
codex/phase7c-structural-sl-monotonicity-audit	4d23587d8beb1c4162398ac6db5a624aed9ba34f
codex/strategy-management-sync	ebad6cb9f500962ba5550378a7e084659993537a
codex/windows-safe-telegram-activation	d3b8c202718da19ae175d0dc89ace4bb90346449
design/phase7c-autolot-fixed-tp	b13cb7d012d3b5331f8f34a141c1d3530a5f0c85
design/phase7c-autolot-fixed-tp-review	8b3d9f1f87ef6465c014b545248c94949c35bf7a
design/phase7c-autolot-fixed-tp-review2	8b3d9f1f87ef6465c014b545248c94949c35bf7a
design/phase7c-autolot-fixed-tp-review3	8b3d9f1f87ef6465c014b545248c94949c35bf7a
design/phase7c-autolot-fixed-tp-review4	8b3d9f1f87ef6465c014b545248c94949c35bf7a
design/phase7c-autolot-fixed-tp-review5	8b3d9f1f87ef6465c014b545248c94949c35bf7a
design/phase7c-autolot-fixed-tp-review6	8b3d9f1f87ef6465c014b545248c94949c35bf7a
design/phase7c-strategy-entry-conditions	08134ed30f09e3a2a17e535188b65f706d4da6e3
design/phase7c-system-lifecycle-broker	65ca9122d1130ef1664707004504bdbf7d92e24c
develop	83b8090efd10d28ded46bc4b3583c42eb4718918
feat/phase7c-broker-day-accounting	4922e6272ced7fcdef390cbffb8d5661529e69ea
feat/phase7c-canonical-hold-observability	20c0374006de3552017d44d3899728d59faff3b4
feat/phase7c-compact-mt5-dashboard	b1b9fe64f4e3a69c86b3bedaac5b170e7085a7ea
feat/phase7c-dashboard-safe-deploy	7e1aebf46cdcf6d3c79623af91ac8d61b85d8d28
feat/phase7c-dual-mt5-live-foundation	dec9780307533a7b1117b4251290562bb2c58e60
feat/phase7c-dual-terminal-live-arm-guard	6e975487bb8360d9c0145b3ca152bf61c9681beb
feat/phase7c-entry-condition-checklist	4667dfc2bff7491cf37da9e601edd23ef8d51558
feat/phase7c-fixed-tp-additive	da1a0d37c0289f5575bcf69decb0cd1415e06379
feat/phase7c-guarded-web-account-switch	240496bc73c92481832962f12bcfb63490f5b475
feat/phase7c-hold-m15-dedupe	d81f6619efe4a93598876567b05cfa75ff0ada7d
feat/phase7c-lifecycle-caller-provenance	14c6e69948518e89120d56a0a4c02e974af4687e
feat/phase7c-live-activation-preflight	b3483c7d97d7db49f72e3e7dbd94f4a815cea4d7
feat/phase7c-live-capability-gate	99cf14ada6b5d1b0da337403b53bfa4112abad7e
feat/phase7c-live-readonly-probe	a8327b9510f2590c439d402207b9a778924b0f87
feat/phase7c-live-risk-profile-guard	31a083edc5c01c22531c82ce4b442b0ce26d89a3
feat/phase7c-live-runtime-inspector	aefcab16431be9cc8909329c103cf7984b1e8abb
feat/phase7c-lot-bounds-telegram-journal	5661e146df0e92deebb0064e4939f36a0437da8d
feat/phase7c-lot-range-120	83dcdb02aeeb361f876c2dafd4e15a55cfbeb4dd
feat/phase7c-lot-range-1p20	7b2aebc16a6910d0ef1811f49689bec60900d885
feat/phase7c-m5-structural-trailing	e15dcab33eb9a7ac518a74284c7dc36e7517201a
feat/phase7c-m5-structural-trailing-impl	c30085b719e8aa4a0a301543d8ede2cb9c2ab0da
feat/phase7c-m5-structural-trailing-red	c30085b719e8aa4a0a301543d8ede2cb9c2ab0da
feat/phase7c-m5-structural-trailing-stop	fdf7b152da21ff2074c37b771c8c4f9128f6f006
feat/phase7c-mt5-dashboard-option-b	ad1b75c9889015bd7744f56fa6c0a6a3f563b36e
feat/phase7c-mt5-desktop-control	362550ca9a8f446a32e7141ac12b93640e23b5e0
feat/phase7c-portable-deploy-mobile-dev	05be4f81e27044f148e440c9ae91dc0175c590d8
feat/phase7c-portable-deploy-mobile-dev-v2	5d65cd7d1255d30438ed0a0ae88a6bcc891e7ff8
feat/phase7c-sideway-production-telegram-sample	1c02b8f34566fd3c21682593cb42aa3c7402f6ca
feat/phase7c-strategy-entry-conditions	b782eb63ee5771a18333d2369396723889f4d663
feat/phase7c-structural-sl-monotonicity	2250720f1ae5a98fbeff62aa36160769e6b2de98
feat/phase7c-system-lifecycle-broker	94d3400269abef715d2964c51a599ab132fc02cb
feat/phase7c-telegram-lifecycle-observability	b7b2edb4e4fdb09f553b7119ebd2ffb39a387b3c
feat/phase7c-telegram-lifecycle-observability-check	000dde4db2b11f67529c8fd5be6b5d38ffb43b79
feat/phase7c-telegram-lifecycle-observability-red	000dde4db2b11f67529c8fd5be6b5d38ffb43b79
feat/phase7c-trend-diagnostics-v2-telegram-test	06c4fdcaf099fb6f97b22c80d0f47637ccb7555a
feat/phase7c-vietnamese-ui	38bb4d5514d7f2b004192138f0a3d9675dbe70f0
feat/phase7c-vietnamese-ui-v2	38fb63add39d73994b70bcc603bffe4b538f9754
feat/phase7c-web-live-arm-demo-auto	ce469137397a9e6858e962ceb184afa4eaefd8f3
feat/phase7c-web-mt5-sync-demo-e2e	3303d1802658ed91414d8704b488ff9cce5e96f2
feat/phase7c-web-ui-safe-deploy	8d2cff3dfae5ed13ce56569fbb27c54802f092f3
feature/core-foundation	e04267afb0ecc4b2f0385d6e5a6cd4e8ed227be5
feature/phase7c-daily-recovery-tp	abd60028e121d2a5fae30446ce72930f7490ba84
feature/phase7c-decision-observability	4a98322d795f79fe491679e05e89c47b3290b5d9
feature/phase7c-dual-account-mode	f4eb5fd55554d1dcfd6c7e03905497564856d127
feature/phase7c-recovery-ui-route	0de59125ba9a5ef502d95c4d5062ef638cc50883
feature/phase7c-recovery-ui-status	ac88c4f18cc1c73ffe982782b839f61e3b1e32f4
feature/phase7c-ui-consolidation-performance	4b87e3705134f2994f1de0a7e63bd9a19c2c7eb2
feature/phase7c-ui-telegram-recovery-hold	20645136d55c2b75135d9a2e6e89ca9755a44eb2
final/phase7c-stop-policy-review-20260823	f7f37a1b5e4905c555f61e31d16b8a0d19244600
fix/performance-mixed-provenance-attribution	dc3369b009012769ff61e5464b2920f73d89482b
fix/performance-mixed-provenance-web-contract	ebbcb47a5121fa8e2e8a2e95ad9a0cd40953f491
fix/performance-strategy-regime-attribution	432cd429bf4aaadafe14cfa150f0e96d0081781d
fix/phase7b-api-node-esm-runtime	cc35c2ff74623219b8b1f8195f950717adea5c26
fix/phase7b-api-production-runtime-launcher	238e57acdf623b90e915870b163f1441f26a3bd9
fix/phase7b-live-status-runtime	8ed6c40dae68a86ddc79d689a9ee768b0a85ee6d
fix/phase7b-process-liveness-permission	577b1b1423b645f1ca39012af1f1a772871c164e
fix/phase7b-three-candle-migration-idempotency	0dda58a98457bad615ca5b5c9386c229191abb7c
fix/phase7b-web-job-object-cleanup	d216a4785cddb54dd7deccbf50c16b6faf7b83df
fix/phase7c-account-risk-live-labels	f18b0b07e3ed041b665c69ce949ecb69e09b31bc
fix/phase7c-account-risk-lot-max-120	8c9a12b4b8c196a9aa439e607f31f9bc1249f3e8
fix/phase7c-account-runtime-verifier-system-broker	111ec4d5eada3e12906a086d52cabd2e07dd88a5
fix/phase7c-account-switch-canonical-lifecycle	14bba52d1d84f9451dbcf1b351aa46c15246ab96
fix/phase7c-account-switch-lifecycle-start	40ce549e2708ec7e24f9e1ac237585083915c920
fix/phase7c-activation-safety-regression	220f3fa3920ba9f61f5b70d9d367389dca53a296
fix/phase7c-activation-sideway-cap-contract	ef5327e6fdaf0b60bab44187add24d41960ae1f3
fix/phase7c-active-lot-supervisor-identity	57f34d5cbd234de0a03bfbe191062e94ff545969
fix/phase7c-auto-active-ui-authorization-semantics	45b4cf2fb342ea2a285a59cc51022e7be695996e
fix/phase7c-auto-copy-single-control	16b20a69ddffb31e31d4fcf8801fe8d1f2ce9c3f
fix/phase7c-auto-generic-route-bypass	32196ca8b0d67e5baa37c72c37df2164a468721c
fix/phase7c-auto-preserve-activation	688c06da37045c4f13264772ee1d82d5b00ed741
fix/phase7c-auto-reversal-entry-check-actual	20b92b344db538168ce035b971e50104110f9606
fix/phase7c-auto-reversal-explanation-consistency	be941aa4f14936570fcd0e92743fccf43b369ee7
fix/phase7c-auto-reversal-ui-gate-consistency	3dbd90c65948ef2c8fee99b24adc0f98ce1ffdec
fix/phase7c-bot-mode-provenance	5be053ff7e0ade279fdbb28ca874d8a39fb73fdc
fix/phase7c-bot-mode-provenance-ci-main-base	95300541dc82cc63706fad12d2a7f5fdfa030908
fix/phase7c-bot-stale-recovery	c534218c8fd4a907e9b9dae21b3e9ba31afc8174
fix/phase7c-bridge-task-child-cleanup	baac177eca8b36895b09fed7bc186e6f8c69dae9
fix/phase7c-broker-time-normalization	bf8e5a73d3e7c11ca1c477bbd74c4126d4e4cdba
fix/phase7c-canonical-daily-recovery-executors	bf99ea4e16d510a55c011543b47010ba7278c45e
fix/phase7c-canonical-ledger-authoritative-replay	ea8a1c3243cc45af3a8e9deeacdf361bb20faa92
fix/phase7c-canonical-position-magic-zero-close	734d3c73dde4d1cb3ffe6b418d52de1745943914
fix/phase7c-canonical-runtime	412ab45a1795cf6d324dd98773ca95fb22632e8e
fix/phase7c-compact-arm-and-lifecycle-stop	6c17e4b1c5820e5ddb487f1470278cfb144442b3
fix/phase7c-control-center-auto-button	5891a7b0704dfa68800d25741d18839e264f92e9
fix/phase7c-control-center-fixed-tp-only	cae93062eb23929abb9313363c2f976572799fbb
fix/phase7c-control-center-fixed-tp-only-ready	cae93062eb23929abb9313363c2f976572799fbb
fix/phase7c-core-runtime-clean-restart	fcc6eae09dbd9c47103680f57d7ea1686f6df864
fix/phase7c-current-position-exit-reason-ticket-isolation	f6f11eadf21845ba75d048791cf10e4d8867654b
fix/phase7c-current-position-management-reason-ticket-isolation	4cecdd36e62e931673566aaca5e7223acc72ec97
fix/phase7c-current-pretrade-freshness	a44915b2e1842a09454bfc5eb7c4451291247bbe
fix/phase7c-daily-recovery-live-magic	3adb53e85608002c9dc1b78c0f66e7fb236a7232
fix/phase7c-daily-recovery-preview-actual-lot	94306aee38f88c5504b5f5f68c60a28c1e631305
fix/phase7c-daily-recovery-runtime-env-magic	c88b706751fd6e19b5fea3d8cb92b8fdb4af6f14
fix/phase7c-demo-migration-live-env-disabled	0cb3abe1092eb00ecf8a3524c198937124aafb20
fix/phase7c-deploy-gate-deduplicate	c5b9f69b285c84d7b93481bc0b7c0cb717d0cd08
fix/phase7c-deploy-gate-scope	9beb52f67faef809f4a996a8596fd1bb1f6c870f
fix/phase7c-entry-blocked-classification	c0dd19aedbb3cafb427eb08f489d2553aa5f5d91
fix/phase7c-executor-stop-grace-period	75967f7e33f63af8d23cf60d51bb38632b0b8b4f
fix/phase7c-executor-stopper-exitcode	b07c85f18dc88734ca29210bc987ff7f3339e682
fix/phase7c-expected-entry-blocked-display	98fdd4d0217f73b65567d7d5e1a116b705934158
fix/phase7c-fail-closed-runtime-recovery	101c3862b57798ffde10b241b56873bdce632ab5
fix/phase7c-fail-closed-runtime-recovery-pr	101c3862b57798ffde10b241b56873bdce632ab5
fix/phase7c-inspector-health-no-reconnect	6aaeada83bb8451e09d9b680e5f10b701e26c99a
fix/phase7c-legacy-background-cleanup	67c98fb9280be0d12baaa8b80d05ec72c26e0535
fix/phase7c-lifecycle-start-caller-boundary	180d5ba457264e9c88c004053634eca20d04f2ad
fix/phase7c-lifecycle-start-explicit-provenance	8e0c382f0a4a1b66991c95a353ffcc1c6302e880
fix/phase7c-lifecycle-start-explicit-provenance-v2	0bc78827eab3e8d933363a2fd72b38d00ca15241
fix/phase7c-lifecycle-status-consistency	588c0f74e1190072285718920dddea3acfa13329
fix/phase7c-live-adapter-crlf	aaeada9a8971259a1fca2408dce2bec6841f4f81
fix/phase7c-live-arm-ui-scope	be725ebcefe9b78ea0f62d8a35b89a2b3a1e7ec9
fix/phase7c-live-arm-verifier	bd41148f4c020928b8a64cf8b0bbe2374245e182
fix/phase7c-live-canonical-recovery-runtime-deploy	005bd408cb5652f80bda4841b7ac9cd21b54cd47
fix/phase7c-live-daily-recovery-telemetry	6ef611e4a03e736e895ee0dcc437a9792d7e55b0
fix/phase7c-live-magic-attribution-guard	5f3c86142553f7664c5421fe260de3ae291ead38
fix/phase7c-live-runtime-inspector-arm-v2	bbd3cf379f43ef8522242cce3ab29ce82e146361
fix/phase7c-live-switch-rollback-and-terminal-preflight	e60e7c89b2b0da7d092e15071633e5eb94833716
fix/phase7c-live-symbol-map-xauusdg	68792b6ac8068c42804a149e3eeef109f658e923
fix/phase7c-local-start-account-selection-boundary	2cee99d3cd1a4161933a8a05e925a3a5d554b901
fix/phase7c-local-start-live-auth-provenance-boundary	4ba535c2e729d8477ab10ed1734ccb0ee8a5f31a
fix/phase7c-lot-ui-canonical	fb94a33b5468934aab59dfe1db5d0945d06636ea
fix/phase7c-main-safe-deploy-checkpoint	6628c4b1eb73c50d342fbf7a0d7a2389638b7217
fix/phase7c-main-safe-web-deploy	062640ee70ee5f148557876a8689ce1fabaec9d0
fix/phase7c-managed-volume-safe-reconcile	830a070805988db4971a42bb2017676258f44eff
fix/phase7c-managed-volume-safe-reconcile-pr217	830a070805988db4971a42bb2017676258f44eff
fix/phase7c-mode-block-classification	9dd5909b43a336c3fa235cf2b4cf49abd216bcd3
fix/phase7c-mt5-contained-grid-ui	bb92d6994edc4cf5d9b3fe1431cce661774960f6
fix/phase7c-mt5-data-folder-detection	48525a6dbcec2879108aa5b10309ad8db35270a1
fix/phase7c-mt5-deal-history-broker-time-range	5afd2e062801a640fefff7076dda5f3a174e1e69
fix/phase7c-mt5-deal-history-canonical-symbol	e57783c58f637ed165bc5b733d69fbf4375024ad
fix/phase7c-mt5-dpi-metrics	84e111a1d3dbed01391dfa06a775de75230c3fdd
fix/phase7c-mt5-large-readable-typography	883286364d6f22bc4fa2f4eee01cec03cdc2b7c3
fix/phase7c-mt5-offline-preflight	6d52ae5793499f61e840c496b41a144cf6948d1b
fix/phase7c-mt5-panel-dpi	850dfe0cfdc8166df60f387ba15f16bdcfbd6cb5
fix/phase7c-mt5-panel-layout	b4e8269ac2f8d2528c54f44a5ec914100050f965
fix/phase7c-mt5-readable-fonts	6a519facfd2f4a66b65c04710147665276210507
fix/phase7c-mt5-reason-layout	894331eaee691b5db4ee2433de7310ffe9627883
fix/phase7c-mt5-reason-wrap	39b2c34b0086631f283de183e81dcb8da038b7a0
fix/phase7c-mt5-unmanaged-diagnostic-details	7df4b5545f4aca2cee94775c4913059db5282ec0
fix/phase7c-mt5-unmanaged-multi-position-status	78041ed77d58843bd97778d1d4c112530e940da4
fix/phase7c-mt5-unmanaged-position-banner	eba3a8510d70c1fca03131a5528dd740d39c9e5e
fix/phase7c-multiple-position-monitor-fail-closed	d943256be8ace1b25ceefd3d8c71f4d41b087fe4
fix/phase7c-multiple-position-ui-management-reason-fail-closed	d714c4fc25b4c8ad436cbc0d763b79fcd9f4d01c
fix/phase7c-notifier-deploy-simplification	c8401c4f43e3b1f1411faf36681457e5de227303
fix/phase7c-performance-broker-session-time	600d8b4458653ef50620c5902b6aff7d5dc37f3c
fix/phase7c-performance-inout-reversal	2dba710f49afc0c9ce780f731bb46420a41e576d
fix/phase7c-performance-mixed-provenance	66dddf9fa22d4de024209ade62687cbdd9890281
fix/phase7c-performance-opening-provenance-web-contract	cf1037260249ede9a87e92e7cb39696f0bb1aec1
fix/phase7c-performance-period-carry-in	59675731cd5cdfd37630e9b8bc4cfc8ff21a54ee
fix/phase7c-recent-deal-history-time	054838230a22aad64989eec81e91f72896a71523
fix/phase7c-recovered-entry-close-context-current	adaa430972d6b7b77da4d754f83ea05f99d24a1a
fix/phase7c-recovered-entry-close-pnl	c59a63f920dd5706e778daad67af88fbad918239
fix/phase7c-remove-web-chart	9c2ad4f2571405bc9559f6ed5ecbe760b1ce97e1
fix/phase7c-resilient-ui	34a58b42b0e3cb30c1dcd0a712f999da89e29cb1
fix/phase7c-runtime-verifier-panel-contract	09d4387da2fab8ad13a38a79f1d381df711d111a
fix/phase7c-scheduled-task-ownership	41b0a4c009ca8b43a02ff3c9b4b3074ce6564c9b
fix/phase7c-session-live-arm	7c2c1b7ef8f2e1386a0a01a7ce9e4382a50840ba
fix/phase7c-shadow-lot-bind	2969c961bf61fd5f066b0fe112c1a1f0f624d268
fix/phase7c-sideway-deploy-stale-broker-guard	38f4c6aa2511ca557e6aed7d992a1955ddfb40c3
fix/phase7c-sideway-entry-check-freshness	afd914ce60dc492313560f2b22b3ee03c48615a1
fix/phase7c-sideway-fetch-failure-observability	a283ca45bc9a091ad629556bd31f5eed81becc68
fix/phase7c-sideway-final-lock-config-contract	c4c5b84aa7cb933552fa05d1c27360ac4c67e1c6
fix/phase7c-sideway-management-contract	6b631b325913a0da54bc3422886f73e5d90df4ed
fix/phase7c-sideway-runtime-deploy-contract	e6bafb84670f3604cabbff9bab4a37638211252b
fix/phase7c-source-safety-canonical-magic	411fe966fef8b5924a26502b9c624c615a7fd5e8
fix/phase7c-stale-port-ownership	e06f0df62d6901f63dce9ac178c692a6d99c560d
fix/phase7c-startup-acceptance-verifier	1c678a3ae219bf9b4f133017235f585a40123e9a
fix/phase7c-startup-pause-scheduled-task	27b12e77fc1f97e3620c87cc75e665bc9c1be49c
fix/phase7c-startup-runner-singleton	10f397b07d5b358bea341e5e9c93a348283b3bb7
fix/phase7c-startup-runner-strictmode-leak	2482361fbf8e99f28040e362eae4efb30950ccd6
fix/phase7c-strategy-entry-conditions-ci-complete	3d6caf4be21ef9686a2afad542bca7d18be2a18e
fix/phase7c-structural-sl-buffer-1	360707137c2f25380a940adcdf9f3b62ffbbf784
fix/phase7c-supervisor-first-stop	44c5d07e22dd46cebaaa5948f3b47da3d9dd8441
fix/phase7c-switch-empty-position-array	dde02c3a8b6fe4ced3d519cef44ae9f8148c13f1
fix/phase7c-switch-empty-position-array-ci	dde02c3a8b6fe4ced3d519cef44ae9f8148c13f1
fix/phase7c-switch-empty-position-array-final	dde02c3a8b6fe4ced3d519cef44ae9f8148c13f1
fix/phase7c-switch-empty-position-array-pr	d7dd2e1cc627ea92b25fedf4ae64d16af6518cce
fix/phase7c-system-runner-node-launch	8129e263f5cbb9dd53306d8d47973d27c57f1d11
fix/phase7c-telegram-compact-hold-m5-structure-sl	1b0b20d8416b5c0389af553a63293a35e4cca315
fix/phase7c-telegram-compact-hold-structure-sl	c3871aedddaf2b7037370f2f5865f5570723bfa9
fix/phase7c-telegram-entry-truth	4d6a29b6672ae90ef0ece514ebb2930d14eb3c06
fix/phase7c-telegram-entry-truth-main-port	5f8472a6633b08435dce683db719e3d5c853c83f
fix/phase7c-telegram-recovery-position-context	806c481fdc7275ac8ed852985e7b80547c841e1a
fix/phase7c-telegram-test-trade-channel	0f29a836b5a925442cbd80b92830746e8d676608
fix/phase7c-trade-notifier-degraded-runtime-recovery	a67a7f29c89cff5857487bdc436f3b1f7873c2bc
fix/phase7c-trade-notifier-deploy-verification	875e913804a220bc58cd21500a9a40d6afa482ab
fix/phase7c-trade-notifier-hot-reload	db61b33986a3b41971051b004d1f9a37b5d438e5
fix/phase7c-trade-notifier-orphan-child-ownership	162df8f93132782c0464dcee47f2cd54153b1852
fix/phase7c-trade-notifier-recovery-close-daily-sync	60bb4ed79653241a3b70f3273fa2c70c1fb5173c
fix/phase7c-trade-notifier-restart-startup-grace	1f41d115e7c8a159d33c6e5c8f8b37308ec4738f
fix/phase7c-trade-notifier-singleton	98faaf6cea932c5b5f480e968dbb0efea8da78f1
fix/phase7c-trade-notifier-stale-lock	5f5ddbf7c4cb3dbf61a0b317ff0d9dc7f2e88514
fix/phase7c-trade-notifier-supervision	e998b316dbc065db229838731cd8332e8f83243a
fix/phase7c-trend-pullback-live-touch-entry	06030d6a6070606bc737d588afa3565808424380
fix/phase7c-trend-single-writer-entry	f859c5b0efc963fd4a2ccadfd9bf9710a9480e6c
fix/phase7c-ui-auto-current-mode-provenance	d7a3b08621b856121be37b20608a49f2b3c14a28
fix/phase7c-ui-current-wait-reason-freshness	6d8cc7fab91ef55fef26734cd607552d1489c3b3
fix/phase7c-ui-entry-wait-reason-freshness	cfea9fa818867ce24504d7b558b72d63ea312231
fix/phase7c-verifier-broker-heartbeat	f0263a0ad0f3a0a2e5ac99e11e02051a2a6f7d94
fix/phase7c-verifier-strictmode-count	bea6e332b47972eab29a96b4bb71655e3d886c61
fix/phase7c-wait-reason-cleanup	713a48728023aa16d5d4cc088f531f82555826e0
fix/phase7c-web-account-aware-safe-deploy	43a5eab5423d498a1189021721a5c8b739b6ddb8
fix/phase7c-web-account-aware-semantic-reasons	5b397d637bc57ef8adc80a74a5cd8afdde797cdf
fix/phase7c-web-api-canonical-account-env-bootstrap	e7684a31457b2d7caa15991d7f001033d6c4ba9d
fix/phase7c-web-api-supervision	41a53e9276f075d027bb96ff2b65f2a6b8b4f27b
fix/phase7c-web-client-render-performance	e6427916a540a25495b993b830974c5b23bff4b8
fix/phase7c-web-client-render-performance-2	08e61a8773d01560d0c57ae6e83a7d8db122ddf0
fix/phase7c-web-deploy-exact-sha	1ec53ad0f1a1018ad8710415728a9bec06e108f7
fix/phase7c-web-deploy-stale-broker-guard	abc5d228ef2f4ba30f9fc849127e04e9e1e29455
fix/phase7c-web-deploy-telegram-recovery-wait	f66b782610ab43d17cd16a8dc447a851ab1cb14a
fix/phase7c-web-live-start-guard	2391157eba7e050b787be720f25da33ee8f804aa
fix/phase7c-web-mt5-display-sync	49a6e1f6f605bbc1ff6a262a303163ff320ada33
fix/phase7c-web-mutation-single-transport	7221b75ccc2154f8ad78ac4164ad3465e84337ac
fix/phase7c-web-only-auto-control	f6abffc6bfbbe01340fe08bed8fa3ef8b4ff0215
fix/phase7c-web-price-localization-idempotency	6f385071a02a16e061845634972587a3d86e2db8
fix/phase7c-web-runtime-performance	6f5abf7a2da2824f334ece4220210c90b4503139
fix/phase7c-web-start-broker-account-context	e17deb80d4b3b8371e8ceb710c706753dd39986e
fix/phase7c-web-ui-broker-build	0fb59589c53eb31412f77446be319d5de4dca2d6
fix/phase7c-web-unmanaged-multi-position-status	117bf8b07f7b55ce97c1bc6c24f9134e18981cf2
fix/phase7c-web-vietnamese-typography	526324a9b7f5100ee53ae7fee10451c21d28654c
fix/phase7c-web-vi-localization-regression	1e655ffe0226798002e3bcb39cae1806a1b6a3d6
fix/trend-entry-regime-attribution	f57d6279772fb24cd08bf586860ccf1d811be0a7
fix/trend-intrabar-next-m15-pullback	d8b638111a3d2d1bfb7a5b91f4c1655d45d68f92
integration-to-main-20260825	67c98fb9280be0d12baaa8b80d05ec72c26e0535
main	34b81606ae6071251c2d3889beb7b052b4c5523d
noop-temp-invalid	543074dfed1876f5753fbd06ee38a5655d6281c6
phase3-current-snapshot	be67fa93ce3fdd49542cfb07b8bcde28ff4837b6
phase4-risk-entry-compression	267f7b883dff7dd8fae83c2c00b57f24070d8f07
phase7b-wait-pullback-runtime	91aa55acb9ad3a0bce05100af91a1871a145a398
phase7c-sideway-supply-demand	c8b894bd249a9f3c92b1026ff3c7ed29f8f64051
release/phase7c-demo-baseline-20260823	f7f37a1b5e4905c555f61e31d16b8a0d19244600
sprint-01-package01	65549d32383b34e64aae2fdb6b47bf1f18ca443a
sprint-01-task03-sidebar	6c52e3f92c94fb05db7629e6ff9abeee19cc601c
test/phase7c-hold-canonical-observability	fa47f8e72e2e37c9dd4a589b7942f79e5e96df25
test/phase7c-hold-canonical-red	eea0bc060fc3b2deca1689035605070597528c8d
test/phase7c-trend-diagnostics-runtime-contract	b1e4e91f401ea886a5a002a38cc5e824831132b6
tmp-do-not-use	042ab9365e17174d20032328206f3a9518fdbc1f
